Vendor,Expense Type,Expense Descrption,Date,Item Name,Item Description,Quantity,Cost,Total Cost,Recurring,Interval,
Vani Kapor,Salarys,DATABASE,11/26/2019,Data Entry,Data Entry,2,11,22,FALSE,,
Habberstad BMW,Other Expenses,Vehicle Lease,4/16/2019,BMW,320ix,1,329,329,TRUE,Monthly,
Globecomm,Travel Expenses,Travel,43085,Travel,Travel Distance = 9.76,1,5.320622881,5.320622881,FALSE,,
Globecomm,Travel Expenses,Travel,12/22/2017,Travel,Travel Distance = 9.76,1,5.320622881,5.320622881,FALSE,,
Globecomm,Travel Expenses,Travel,1/26/2018,Travel,Travel Distance = 9.76,1,5.320622881,5.320622881,FALSE,,
Globecomm,Travel Expenses,Travel,2/2/2018,Travel,Travel Distance = 9.76,1,5.320622881,5.320622881,FALSE,,invalid literal for int() with base 10: ''
Globecomm,Travel Expenses,Travel,2/16/2018,Travel,Travel Distance = 9.76,1,5.320622881,5.320622881,FALSE,,
Globecomm,Travel Expenses,Travel,3/2/2018,Travel,Travel Distance = 9.76,1,5.320622881,5.320622881,FALSE,,
Globecomm,Travel Expenses,Travel,11/16/2018,Travel,Travel Distance = 9.76,1,5.320622881,5.320622881,FALSE,,
Globecomm,Salarys,Site Debug,11/16/2018,OH,Software Development,3,50,150,FALSE,,
Globecomm,Other Expenses,Travel,3/27/2018,Travel,Travel Distance = 9.76,1,5.320622881,5.320622881,FALSE,,
Habberstad BMW,Other Expenses,Vehicle Lease,5/1/2019,BMW,320ix,1,329,329,TRUE,Monthly,
Globecomm,Other Expenses,Travel,5/10/2019,Travel,Travel Distance = 13.78,1,7.511046576,7.511046576,FALSE,,
Habberstad BMW,Other Expenses,Vehicle Lease,6/1/2019,BMW,320ix,1,329,329,TRUE,Monthly,
Globecomm,Other Expenses,Travel,5/10/2019,Travel,Travel Distance = 13.78,1,7.511046576,7.511046576,FALSE,,
Habberstad BMW,Other Expenses,Vehicle Lease,7/1/2019,BMW,320ix,1,329,329,TRUE,Monthly,
Habberstad BMW,Other Expenses,Vehicle Lease,8/1/2019,BMW,320ix,1,329,329,FALSE,,
Habberstad BMW,Other Expenses,Vehicle Lease,9/1/2019,BMW,320ix,1,329,329,TRUE,Monthly,
Habberstad BMW,Other Expenses,Vehicle Lease,10/1/2019,BMW,320ix,1,329,329,TRUE,Monthly,
Habberstad BMW,Other Expenses,Vehicle Lease,11/1/2019,BMW,320ix,1,329,329,TRUE,Monthly,
Habberstad BMW,Other Expenses,Vehicle Lease,12/1/2019,BMW,320ix,1,329,329,TRUE,Monthly,
Michael Ford,Other Expenses,Services,10/30/2019,Office Construction,,1,1000,1000,FALSE,,
TigerDirect Business,Other Expenses,Computers,11/1/2019,CPU,3.2G/16G/512G/W10P64,1,329.99,329.99,FALSE,,
TigerDirect Business,Other Expenses,Software,11/1/2019,BUS,OFFICE HOME AND BUSINESS 2019,1,249.99,249.99,FALSE,,
TigerDirect Business,Other Expenses,Taxes,11/1/2019,Product Taxes,Computer and Software Purchase,1,51.08,51.08,FALSE,,
TigerDirect Business,Other Expenses,Shipping,11/1/2019,Product Shipping,Computer and Software Purchase,1,12.33,12.33,FALSE,,
TigerDirect Business,Other Expenses,Computers,2/9/2015,HP EliteBook,"Intel Core i5 2.5GHz, Windows 7 Professional 64-bit (Off-Lease)",1,300.99,300.99,FALSE,,
TigerDirect Business,Other Expenses,Software,2/9/2015,Microsoft Office 365,"English, 1 Year",1,59.05,59.05,FALSE,,
TigerDirect Business,Other Expenses,Software,2/9/2015,McAfree 2015,Multi Accress 1 User 5 Devices,1,30.94,30.94,FALSE,,
TigerDirect Business,Other Expenses,Shipping,2/9/2015,Product Shipping,Computer and Software Purchase,1,8.96,8.96,FALSE,,
Amazon Prime,Other Expenses,Office Supplies,11/2/2019,HDTV 3x HDMI,Sceptre 32 inch LED,1,99.99,99.99,FALSE,,
Amazon Prime,Other Expenses,Taxes,11/2/2019,Product Taxes,Electronic Purchase,1,8.62,8.62,FALSE,,
Amazon Prime,Other Expenses,Utilities,10/22/2019,HUANUO Dual Monitor Stand,Mounting Base 13 to 27 Inch Computer Screens,1,54.99,54.99,FALSE,,
Amazon Prime,Other Expenses,Electronics,10/22/2019,Sabrent 4 Port USB,Individual LED Power Switches,3,7.99,23.97,FALSE,,
Amazon Prime,Other Expenses,Electronics,10/22/2019,LED Monitors,DisplayPort DVI and VGA,1,249.99,249.99,FALSE,,
Amazon Prime,Other Expenses,Taxes,10/22/2019,Product Taxes,Utility and Electronics Purchase,1,28.37,28.37,FALSE,,
Home Depot,Other Expenses,Electronics,10/23/2019,Robot Prototype base,1X12X4' Common Board,1,20.81,19.16,FALSE,,
Home Depot,Other Expenses,Taxes,10/23/2019,Robot protype base,Taxes,1,1.65,1.65,FALSE,,
Amazon Prime,Other Expenses,Taxes,10/23/2019,Product Taxes,Utility and Electronics Purchase,1,28.37,28.37,FALSE,,
Home Depot,Other Expenses,Electronics,1/7/2020,Aluminum Round Tube,36x1/2x1/16,1,11.84,11.84,FALSE,,
Home Depot,Other Expenses,Electronics,1/7/2020,Sheet Metal,Lincane al Sheet Black,1,18.98,18.98,FALSE,,
Home Depot,Other Expenses,Machine Shop Supplies,1/7/2020,Spring Clamp,Metal Spring Clamp Pivot Tip,2,9.94,19.88,FALSE,,
Home Depot,Other Expenses,Taxes,1/7/2020,Product Taxes,Robot Prototype Materials,1,3.52,3.52,FALSE,,
Staples,Other Expenses,Office Supplies,11/11/2019,Label,Large White Label,2,5.49,10.98,FALSE,,
Staples,Other Expenses,Office Supplies,11/11/2019,Office Sign,7x17,1,20.97,20.97,FALSE,,
Staples,Other Expenses,Taxes,11/11/2019,Item Taxes,Office Supplies,1,1.81,1.81,FALSE,,
Home Depot,Other Expenses,Test Fixtures,1/2/2020,Round Rod,Steel ,1,5.64,5.64,FALSE,,
Home Depot,Other Expenses,Robot,11/16/2019,robot Hardware,Misc items,1,52.17,52.17,FALSE,,
ROBOTDIGG LIMITED,Other Expenses,Test Fixtures,1/14/2020,Linear Stepper Motor,NEMA11 lead screw stepper Motor Linear module,1,76,76,TRUE,Monthly,
AWS Web Service,Other Expenses,Database,1/3/2019,Database Services,SIMBA Database,1,93.53,93.53,TRUE,Monthly,
AWS Web Service,Other Expenses,Database,2/3/2019,Database Services,SIMBA Database,1,93.56,93.56,TRUE,Monthly,
AWS Web Service,Other Expenses,Database,3/3/2019,Database Services,SIMBA Database,1,84.51,84.51,TRUE,Monthly,
AWS Web Service,Other Expenses,Database,4/3/2019,Database Services,SIMBA Database,1,112.58,112.58,TRUE,Monthly,
AWS Web Service,Other Expenses,Database,5/3/2019,Database Services,SIMBA Database,1,109.11,109.11,TRUE,Monthly,
AWS Web Service,Other Expenses,Database,6/3/2019,Database Services,SIMBA Database,1,112.65,112.65,TRUE,Monthly,
AWS Web Service,Other Expenses,Database,7/3/2019,Database Services,SIMBA Database,1,108.96,108.96,TRUE,Monthly,
AWS Web Service,Other Expenses,Database,8/3/2019,Database Services,SIMBA Database,1,112.56,112.56,TRUE,Monthly,
AWS Web Service,Other Expenses,Database,9/9/2019,Database Services,SIMBA Database,1,112.56,112.61,TRUE,Monthly,
AWS Web Service,Other Expenses,Database,10/3/2019,Database Services,SIMBA Database,1,109.13,109.13,TRUE,Monthly,
AWS Web Service,Other Expenses,Database,11/3/2019,Database Services,SIMBA Database,1,112.65,112.65,TRUE,Monthly,
AWS Web Service,Other Expenses,Database,12/3/2019,Database Services,SIMBA Database,1,109.65,109.65,TRUE,Monthly,
Amazon Prime,Other Expenses,Shipping,1/14/2020,Aluminum Plate,"3/8 "" Bar Sheet Plate  4"" x 12""",1,14.6,14.6,FALSE,,
Amazon Prime,Other Expenses,Test Fixtures,1/14/2020,Aluminum Plate,"3/8 "" Bar Sheet Plate  4"" x 12""",1,10.2,10.2,FALSE,,
Amazon Prime,Other Expenses,Taxes,1/14/2020,Aluminum Plate,"3/8 "" Bar Sheet Plate  4"" x 12""",1,2.14,2.14,FALSE,,
Amazon Prime,Other Expenses,Test Fixtures,1/14/2020,Aluminum Plate,"3/8 "" Bar Sheet Plate  6"" x 12""",1,19.69,19.69,FALSE,,
Amazon Prime,Other Expenses,Taxes,1/14/2020,Bandsaw Blade,"62"" X3/8 x 0.14 x 10tpi",1,2.36,2.36,FALSE,,
Amazon Prime,Other Expenses,Machine Shop Supplies,1/14/2020,Bandsaw Blade,"62"" X3/8 x 0.14 x 10tpi",1,2.36,2.36,FALSE,,
Amazon Prime,Other Expenses,Test Fixtures,1/14/2020,Aluminum Bar,"2"" x 2"" Square Aluminum 6""",1,18.39,18.39,FALSE,,
Amazon Prime,Other Expenses,Taxes,1/14/2020,Aluminum Bar,"2"" x 2"" Square Aluminum 6""",1,1.59,1.59,FALSE,,
Amazon Prime,Other Expenses,Lab Supplies,1/13/2020,Soldering Iron Tips,GeToo ST Series Tip,1,12.95,12.95,FALSE,,
Amazon Prime,Other Expenses,Lab Supplies,1/13/2020,Soldering Wick,GeSW02 No-Clean,1,6.48,6.48,FALSE,,
Amazon Prime,Other Expenses,Taxes,1/13/2020,Lab supplies,Lab supplies,1,1.68,1.68,FALSE,,
Amazon Prime,Other Expenses,Test Fixtures,1/13/2020,Teflon Rod Stock,PTFE-0.500x24-RD.DSC,1,13.5,13.5,FALSE,,
Amazon Prime,Other Expenses,Taxes,1/13/2020,Teflon Rod Stock,PTFE-0.500x24-RD.DSC,1,1.16,1.16,FALSE,,
Amazon Prime,Other Expenses,Test Fixtures,1/13/2020,Project Box,Jameco SY0206-R Case,1,15.01,15.01,FALSE,,
Amazon Prime,Other Expenses,Test Fixtures,1/13/2020,Aluminum Round Bar Stock,18Pcs Solid Round Rod 2.5-8mm Length 100m,1,9.88,9.88,FALSE,,
Amazon Prime,Other Expenses,Taxes,1/13/2020,Aluminum Round Bar Stock,18Pcs Solid Round Rod 2.5-8mm Length 100m,1,2.14,2.14,FALSE,,
Amazon Prime,Other Expenses,Test Fixtures,1/2/2020,Switches,Mini Push Botton Switch 12 Pcs,1,7.99,7.99,FALSE,,
Amazon Prime,Other Expenses,Test Fixtures,1/2/2020,DC DC Converter,DROK Step Down voltage module,1,7.99,7.99,FALSE,,
Amazon Prime,Other Expenses,Test Fixtures,1/2/2020,Wire,Breadboard jumper wires ,1,5.79,5.79,FALSE,,
Amazon Prime,Other Expenses,Test Fixtures,1/2/2020,Relay Module,5v Relay Module,3,5.5,16.5,FALSE,,
Amazon Prime,Other Expenses,Taxes,1/2/2020,Relay Module,5v Relay Module,1,3.25,3.25,FALSE,,
Amazon Prime,Other Expenses,Machine Shop Supplies,1/2/2020,Vice,Cast Iron Drill Press Vise,1,13.29,13.29,FALSE,,
Amazon Prime,Other Expenses,Shipping,1/2/2020,Vice,Cast Iron Drill Press Vise,1,8.99,8.99,FALSE,,
Amazon Prime,Other Expenses,Taxes,1/2/2020,Vice,Cast Iron Drill Press Vise,1,1.93,1.93,FALSE,,
Home Depot,Other Expenses,Machine Shop Supplies,1/22/2020,Vacumm,Bucket head Wet Dry Vac,1,26.47,26.47,TRUE,Monthly,
Home Depot,Other Expenses,Machine Shop Supplies,1/22/2020,Gloves,Full Grain Pigskin Glove Large,1,11.98,11.98,TRUE,Monthly,
Home Depot,Other Expenses,Machine Shop Supplies,1/22/2020,Drill Bits,16-Jan,2,2.27,4.54,TRUE,Monthly,
Home Depot,Other Expenses,Machine Shop Supplies,1/22/2020,Drill Bits,May-64,2,1.18,2.36,TRUE,Monthly,
Home Depot,Other Expenses,Taxes,1/22/2020,Drill Bits,May-64,1,3.37,3.37,TRUE,Monthly,
Amazon Prime,Other Expenses,Office Supplies,10/31/2019,Office Desk Chair,Leather-Padded Armrest - Black,1,52.3,52.3,TRUE,Monthly,
KROSS HARDWARE,Other Expenses,Test Fixtures,1/26/2020,Screws,Specialized Screws,1,12.17,12.17,TRUE,Monthly,
Amazon Prime,Other Expenses,Taxes,10/31/2019,Product Taxes,Office Supplies Purchase,1,4.51,4.51,TRUE,Monthly,
Amazon Prime,Other Expenses,Office Supplies,11/3/2019,Stool,Boss Office Be Well Medical Spa Black,1,89.29,89.29,TRUE,Monthly,
Amazon Prime,Other Expenses,Taxes,11/2/2019,Product Taxes,Office Supplies Purchase,1,7.7,7.7,TRUE,Monthly,
Amazon Prime,Other Expenses,Office Supplies,10/30/2019,HDTV 3x HDMI,Sceptre 32 inch LED,1,99.99,99.99,FALSE,,
Amazon Prime,Other Expenses,Taxes,10/30/2019,Product Taxes,Electronic Purchase,1,8.62,8.62,FALSE,,
Amazon Prime,Other Expenses,Taxes,11/2/2019,Product Taxes,Office Supplies Purchase,1,8.62,8.62,FALSE,,
Amazon Prime,Other Expenses,Taxes,11/1/2019,Product Taxes,Electronics Purchase,1,2.59,2.59,FALSE,,
Amazon Prime,Other Expenses,Taxes,11/1/2019,Product Taxes,Electronics Purchase,1,2.59,2.59,FALSE,,
Amazon Prime,Other Expenses,Electronics,11/1/2019,HDMI 2.0 Splitter USB,Firmware Upgrade 1 in 2 Out 18Gbps HDCP2.2,1,29.99,29.99,FALSE,,
N/A,Salarys,Contractor,11/26/2020,OH,Data Entry,2,11,22,FALSE,,
Home Depot,Other Expenses,Machine Shop Supplies,1/27/2020,Sander,Belt/Disc Sander,1,149,149,FALSE,,
Home Depot,Other Expenses,Machine Shop Supplies,1/27/2020,Sander,Sanding Belt,1,6.97,6.97,FALSE,,
Home Depot,Other Expenses,Machine Shop Supplies,1/27/2020,Screws,16-Jan,1,2.27,2.27,FALSE,,
Home Depot,Other Expenses,Taxes,1/27/2020,Sales Tax,Machine Shop Suplies,1,13.65,13.65,FALSE,,
Amazon Prime,Other Expenses,Test Fixtures,1/28/2019,Wire,30 AWG Flexible Silicone,1,12.99,12.99,FALSE,,
Amazon Prime,Other Expenses,Test Fixtures,1/28/2019,Cable Glans,GiBot Cable Glands 25 Pack,1,9.49,9.49,FALSE,,
Amazon Prime,Other Expenses,Taxes,1/28/2019,Product Tax,Cable Glans and wire,1,1.94,1.94,FALSE,,
Home Depot,Other Expenses,Machine Shop Supplies,11/19/2019,Band Saw,RYOBI 2.5 Amp 9in,1,179,179,FALSE,,
Home Depot,Other Expenses,Machine Shop Supplies,11/19/2019,Drill Press,ROYBI 10 in. with Laser alianment,1,134.99,134.99,FALSE,,
Home Depot,Other Expenses,Machine Shop Supplies,11/19/2019,Grinder,ROYBI 2.1 Amp with LED Lights,1,52.95,52.95,FALSE,,
Amazon Prime,Other Expenses,Machine Shop Supplies,1/27/2020,Micro Taps,M1-M3.5 Machine Hand Screw,1,10.69,10.69,FALSE,,
Amazon Prime,Other Expenses,Taxes,1/27/2020,Micro Taps,M1-M3.5 Machine Hand Screw,1,0.92,0.92,FALSE,,
Amazon Prime,Other Expenses,Machine Shop Supplies,1/22/2020,Tap Wrench,Tap Wrench Handel M1-M10,1,8.29,8.29,FALSE,,
Amazon Prime,Other Expenses,Taxes,1/22/2020,Tap Wrench,Tap Wrench Handel M1-M10,1,0.72,0.72,FALSE,,
Amazon Prime,Other Expenses,Machine Shop Supplies,1/22/2020,Screws,"800 pcs M1, M1.2 M1.4 M1.6 M1.7",1,12.49,12.49,FALSE,,
Amazon Prime,Other Expenses,Taxes,1/22/2020,Screws,"800 pcs M1, M1.2 M1.4 M1.6 M1.7",1,1.08,1.08,FALSE,,
Amazon Prime,Other Expenses,Test Fixtures,1/21/2020,Power Supply,DC 24V 2A 48W Switching,1,11.97,11.97,FALSE,,
Amazon Prime,Other Expenses,Taxes,1/21/2020,Power Supply,DC 24V 2A 48W Switching,1,1.03,1.03,FALSE,,
Amazon Prime,Other Expenses,Office Supplies,10/31/2019,Magnetic Stud Finder,The StudBuddy,1,9.97,9.97,FALSE,,
Amazon Prime,Other Expenses,Electronics,10/31/2019,USB 3.0 Extension Cable,A-Male to A-Female Adapter Cord 9.8 Feet,1,6.99,6.99,FALSE,,
Amazon Prime,Other Expenses,Taxes,10/31/2019,Product Taxes,Tools and Electronic Purchase,1,2.84,2.84,FALSE,,
Amazon Prime,Other Expenses,Electronics,11/2/2019,Surge Protector,4ft Heavy Duty Cord Black,1,35.99,35.99,FALSE,,
Amazon Prime,Other Expenses,Electronics,10/31/2019,HDMI Cable,30 Feet HDMI 2.0V Cable with 2 Piece Cable Ties+2 Piece HDMI Adapters Support,1,15.99,15.99,FALSE,,
Amazon Prime,Other Expenses,Taxes,11/2/2019,Product Taxes,Electronics Purchase,1,3.19,3.19,FALSE,,
Amazon Prime,Other Expenses,Electronics,11/3/2019,5 Port Gigabit Switch,Unmanaged Metal Desktop Switch Plug and Play,1,22.99,22.99,FALSE,,
Amazon Prime,Other Expenses,Office Supplies,11/3/2019,LED Desk Lamp/Table Lamp with Clamp,6-Level Dimmer / 4 Lighting Modes with Touch Control Memory Function,1,96.99,96.99,FALSE,,
Amazon Prime,Other Expenses,Office Supplies,11/3/2019,Magnifying Desk Lamp/Task Light with Clamp,LED Work Light,1,64.99,64.99,FALSE,,
Amazon Prime,Other Expenses,Taxes,11/3/2019,Product Taxes,Electronics and Office Supplies Purchase,1,15.96,15.96,FALSE,,
N/A,Salarys,Contractor,12/8/2019,OH,Data Entry,1,11,11,FALSE,,
TigerDirect Business,Other Expenses,Software,11/1/2019,Wired Desktop,Microsoft 600,1,29.95,29.95,FALSE,,
TigerDirect Business,Other Expenses,Software,11/1/2019,Microsoft Office,Home and Business 2019,1,249.99,249.99,FALSE,,
TigerDirect Business,Other Expenses,Computers,11/1/2019,HP EliteDesk 800,G1 i5 16G 1yr Warranty,1,329.99,329.99,FALSE,,
TigerDirect Business,Other Expenses,Shipping,11/1/2019,Product Shipping,Software and Computer Purchase,1,12.98,12.98,FALSE,,
TigerDirect Business,Other Expenses,Taxes,11/1/2019,Product Taxes,Software and Computer Purchase,1,53.73,53.73,FALSE,,
Wayfair,Other Expenses,Office Supplies,10/20/2019,Desk,Leith Executive,1,234.99,234.99,FALSE,,
TigerDirect Business,Other Expenses,Taxes,10/20/2019,Product Taxes,Office Supplies Purchese,1,40.54,40.54,FALSE,,
TigerDirect Business,Other Expenses,Taxes,10/20/2019,Product Taxes,Office Supplies Purchese,1,40.54,40.54,FALSE,,
TigerDirect Business,Other Expenses,Taxes,10/20/2019,DELETE,Office Supplies Purchese,1,40.54,40.54,FALSE,,
Wayfair,Other Expenses,Taxes,10/20/2019,Product Taxes,Office Supplies Purchase,1,40.54,40.54,FALSE,,
Wayfair,Other Expenses,Machine Shop Supplies,10/31/2019,Workbench,"72"" Adjustable Height",1,362.99,362.99,FALSE,,
Wayfair,Other Expenses,Taxes,10/31/2019,Product Taxes,Machine Shop Supplies Purchase,1,31.31,31.31,FALSE,,
TigerDirect Business,Other Expenses,Software,11/1/2019,Wired Desktop,Microsoft 600,1,29.95,29.95,FALSE,,
Home Depot,Other Expenses,Machine Shop Supplies,12/27/2019,1G PVC BOX,NEW WORK 22.5CU,1,1.1,1.1,FALSE,,
Home Depot,Other Expenses,Machine Shop Supplies,12/27/2019,STRIP LIGHT,2FT STRIP LIGHT,1,24.97,24.97,FALSE,,
Home Depot,Other Expenses,Machine Shop Supplies,12/27/2019,RECEPTACLE,BACK AND SIDE WIRED OUTLET,1,8.64,8.64,FALSE,,
Home Depot,Other Expenses,Machine Shop Supplies,12/27/2019,15A 3W SW WH,3-WAY TOGGLE SWITCH,1,1.75,1.75,FALSE,,
Home Depot,Other Expenses,Machine Shop Supplies,12/27/2019,17PCMETP,METRIC TAP AND HEX DIE SET,1,29.97,29.97,FALSE,,
Home Depot,Other Expenses,Machine Shop Supplies,12/27/2019,DRILL PRESS,"RYB 10""",1,159,159,FALSE,,
Wayfair,Other Expenses,Office Supplies,10/20/2019,Desk 2,Leith Executive,1,235,235,FALSE,,
Home Depot,Other Expenses,Machine Shop Supplies,12/27/2019,BAND SAW,2.5 AMP,1,169,169,FALSE,,
Home Depot,Other Expenses,Taxes,12/27/2019,Product Taxes,Machine Shop Supplies,1,34.02,34.02,FALSE,,
Vani Kapor,Salarys,Contractor,12/9/2019,OH,Data Entry,1,11,11,FALSE,,
Home Depot,Other Expenses,Office Supplies,10/21/2019,Common Board,1x12x4 (Bookcase),1,38.32,38.32,FALSE,,
Home Depot,Other Expenses,Office Supplies,10/21/2019,Plastic wood,LTX Natural  (Bookcase),1,7.78,7.78,FALSE,,
Home Depot,Other Expenses,Office Supplies,10/21/2019,Putty knife,Plastic  (Bookcase),1,0.98,0.98,FALSE,,
Home Depot,Other Expenses,Office Supplies,10/21/2019,Paint Brush,  (Bookcase),1,4.35,4.35,FALSE,,
Home Depot,Other Expenses,Office Supplies,10/21/2019,sponge,  (Bookcase),1,2.78,2.78,FALSE,,
Home Depot,Other Expenses,Taxes,10/21/2019,Bookcase construction,  (Bookcase),1,4.68,4.68,FALSE,,
KROSS HARDWARE,Other Expenses,Test Fixtures,2/1/2020,Micro Screws,Micro Screws,1,6.35,6.35,FALSE,,
Amazon Prime,Other Expenses,Robot,2/16/2020,DC Motor Controller,RioRand 7-80V Motor Switch,1,14.99,14.99,FALSE,,
Amazon Prime,Other Expenses,Taxes,2/16/2020,DC Motor Controller,RioRand 7-80V Motor Switch,1,14.99,14.99,FALSE,,
Amazon Prime,Other Expenses,Robot,10/6/2019,Switch,Hinge Roller Micro Switch,1,6.99,6.99,FALSE,,
Amazon Prime,Other Expenses,Robot,10/6/2019,Couplings,8mm NEMA 17 Shaft,1,6.26,6.26,FALSE,,
Amazon Prime,Other Expenses,Robot,10/6/2019,Stepper Motor,Nema 17 Bipolar 2A,1,13.99,13.99,FALSE,,
Amazon Prime,Other Expenses,Robot,10/6/2019,Mounting Bracket,Nema 17 Stepper,1,10.99,10.99,FALSE,,
Amazon Prime,Other Expenses,Robot,10/6/2019,Motor Screw Linear Nut,Laser Engraving,1,19.39,19.39,FALSE,,
Amazon Prime,Other Expenses,Robot,10/7/2019,Industrial Combination ,Linear Motion Ball Bearing Slide,1,40.99,40.99,FALSE,,
Amazon Prime,Other Expenses,Robot,10/7/2019,Octagon Star,8mm Lead 4 Strt Lead Screw & Nut,1,8.9,8.9,FALSE,,
Amazon Prime,Other Expenses,Taxes,10/7/2019,Robot Parts,Motor Parts,1,9.28,9.28,FALSE,,
Amazon Prime,Other Expenses,Robot,9/26/2019,12 V Drive Stepper,Laser Engraving Machine,1,19.39,19.39,FALSE,,
Amazon Prime,Other Expenses,Taxes,9/26/2019,12 V Drive Stepper,Laser Engraving Machine,1,1.67,1.67,FALSE,,
Amazon Prime,Other Expenses,Robot,9/22/2019,24V  DC Universal Reg Switch,Power Supply,1,26.99,26.99,FALSE,,
Amazon Prime,Other Expenses,Taxes,9/22/2019,24V  DC Universal Reg Switch,Power Supply,1,2.33,2.33,FALSE,,
Amazon Prime,Other Expenses,Robot,9/18/2019,Tolako 5V Relay Module,Indicator Light LED,2,5.5,11,FALSE,,
Amazon Prime,Other Expenses,Robot,9/18/2019,12V Switching Power Supply,Universal Regu;ated Transformer,1,12.99,12.99,FALSE,,
Amazon Prime,Other Expenses,Taxes,9/18/2019,Product Taxes,Motor Parts,1,2.06,2.06,FALSE,,
Amazon Prime,Other Expenses,Office Supplies,10/30/2019,Mounting Dream,TV Wall Mount Monitor Bracket,1,21.74,21.74,FALSE,,
Amazon Prime,Other Expenses,Office Supplies,10/30/2019,HDMI Switch,Splitter w/Pigtail Cable,1,8.88,8.88,FALSE,,
Amazon Prime,Other Expenses,Office Supplies,10/30/2019,Buffalo Linkstation 220,Private Cloud Storage,1,244.98,244.98,FALSE,,
Amazon Prime,Other Expenses,Taxes,10/30/2019,Product Taxes,Office Supplies,1,23.78,23.78,FALSE,,
Amazon Prime,Other Expenses,Robot,9/24/2019,Stepper Motor Drive,Stepper Motor for CNC,1,12.59,12.59,FALSE,,
Amazon Prime,Other Expenses,Taxes,9/24/2019,Stepper Motor Drive,Stepper Motor for CNC,1,1.09,1.09,FALSE,,
Home Depot,Other Expenses,Test Fixtures,11/20/2019,Robot Parts,Steel Rod,1,3.82,3.82,FALSE,,
Home Depot,Other Expenses,Robot,11/20/2019,Robot Parts,Angle Offset,1,4.74,4.74,FALSE,,
Home Depot,Other Expenses,Robot,11/20/2019,Robot Parts,4 Term Ground Bar,1,5.24,5.24,FALSE,,
Home Depot,Other Expenses,Robot,11/20/2019,Robot Parts,Termina Block 6,1,6.46,6.46,FALSE,,
Home Depot,Other Expenses,Machine Shop Supplies,11/20/2019,Robot Parts,Spade Vinyl 16-14,1,1.98,1.98,FALSE,,
Home Depot,Other Expenses,Taxes,11/20/2019,Product Taxes,Robot Parts,1,1.92,1.92,FALSE,,
Home Depot,Other Expenses,Robot,8/31/2019,Square Dowel,"1/4""x36""",1,0.98,0.98,FALSE,,
Home Depot,Other Expenses,Test Fixtures,8/31/2019,Plywood,1/4 2x2 BCX Plywood,2,4.45,8.9,FALSE,,
Home Depot,Other Expenses,Robot,8/31/2019,Poplar Scant Board,"1/2x3-48"" Scant Board",1,4.92,4.92,FALSE,,
Home Depot,Other Expenses,Robot,8/31/2019,Square Dowel,"1""x36""",1,3.62,3.62,FALSE,,
Home Depot,Other Expenses,Machine Shop Supplies,8/31/2019,Mini Clamp,Anvil Mini Spring Clamp,2,0.47,0.94,FALSE,,
Home Depot,Other Expenses,Robot,8/31/2019,Spring Clamp,"Anvil 2"" Metal Spring Clamp",5,0.99,4.95,FALSE,,
Home Depot,Other Expenses,Robot,8/31/2019,Spring Clamp,"Anvil 1"" Metal Spring Clamp",2,0.99,1.98,FALSE,,
Home Depot,Other Expenses,Robot,8/31/2019,TB Org 8 oz,Titebond I Wood Glue,1,2.97,2.97,FALSE,,
Home Depot,Other Expenses,Taxes,8/31/2019,Product Taxes,Robot Parts,1,2.52,2.52,FALSE,,
Home Depot,Other Expenses,Robot,8/31/2019,5/64 Cobalt,"Milwaukee 5/64"" Cobalt Red Helix",2,2.97,5.94,FALSE,,
Home Depot,Other Expenses,Machine Shop Supplies,8/31/2019,Wood Screw,"6x1-1/4"" Zinc Fl Hd Phil Wood Screw",1,1.18,1.18,FALSE,,
Home Depot,Other Expenses,Robot,8/31/2019,Wood Screw,"6x5/8"" Zinc Oval Hd Phil Wood Screw",1,1.18,1.18,FALSE,,
Home Depot,Other Expenses,Robot,8/31/2019,Clamp,Bessey Bar Clamp,1,11.97,11.97,FALSE,,
Home Depot,Other Expenses,Machine Shop Supplies,8/31/2019,Bosch Blade,Wood Jigsaw Blade 5pk,1,8.97,8.97,FALSE,,
Home Depot,Other Expenses,Taxes,8/31/2019,Product Taxes,Robot Parts,1,2.52,2.52,FALSE,,
Home Depot,Other Expenses,Robot,9/4/2019,2x Flat Bkack,Flat Black Painters Touch,1,3.98,3.98,FALSE,,
Home Depot,Other Expenses,Test Fixtures,9/4/2019,Flat Plate,Bar Flat Alum,1,7.58,7.58,FALSE,,
Home Depot,Other Expenses,Robot,9/4/2019,EZ Lock Whls,Dremel EZ Met Cut Off,1,13.97,13.97,FALSE,,
Home Depot,Other Expenses,Robot,9/4/2019,Starter Kit,Dremel EZ Lock Starter Kit,1,14.97,14.97,FALSE,,
Home Depot,Other Expenses,Robot,9/4/2019,Match Screw,Match Scr Rnd HD CMB Zinc,1,1.18,1.18,FALSE,,
Home Depot,Other Expenses,Robot,9/4/2019,Washer,1/4 Zinc Washer,1,1.18,1.18,FALSE,,
Home Depot,Other Expenses,Robot,9/4/2019,Locknut,1/4 Zinc Nylon Lock Nut,2,1.18,2.36,FALSE,,
Home Depot,Other Expenses,Robot,9/4/2019,Mach Screw,"FL HD PH SS 1/4""-20x1-1/2""",2,1.18,2.36,FALSE,,
Home Depot,Other Expenses,Interest,9/4/2019,Product Taxes,Machine Shop,1,4.1,4.1,FALSE,,
Home Depot,Other Expenses,Taxes,9/4/2019,Product Taxes,Machine Shop Supplies,1,4.1,4.1,FALSE,,
Home Depot,Other Expenses,Office Supplies,10/12/2019,Wall Plate,Flexible Open Wall Plate,1,8.78,8.78,FALSE,,
Home Depot,Other Expenses,Robot,10/12/2019,Machine Screw Kit,MS KIT ZP 405 PCS,1,7.67,7.67,FALSE,,
Home Depot,Other Expenses,Robot,10/12/2019,Sheet Metal Screw ,Sht Met SCR FL HD PH Zinc,1,1.18,1.18,FALSE,,
Home Depot,Other Expenses,Taxes,10/12/2019,Product Taxes,Office Supplies Purchase,1,1.52,1.52,FALSE,,
Home Depot,Other Expenses,Machine Shop Supplies,9/24/2019,Grinder,"Rby 6"" Grinder W/Lights",1,49.97,49.97,FALSE,,
Home Depot,Other Expenses,Machine Shop Supplies,9/24/2019,7 Pc Bit Set,Ryobi 7-pc Black Drill Bit Set,1,4.47,4.47,FALSE,,
Home Depot,Other Expenses,Robot,9/24/2019,Mach Scr,"Fl HD PH Zinc #10-24x1-1/4""",1,1.18,1.18,FALSE,,
Home Depot,Other Expenses,Robot,9/24/2019,Mach Scr,"Fl HD PH Zinc #10-32x1-1/4""",1,1.18,1.18,FALSE,,
Home Depot,Other Expenses,Taxes,9/24/2019,Product Taxes,Machine Shop Supplies,1,4.9,4.9,FALSE,,
Kings Hardware,Other Expenses,Machine Shop Supplies,9/7/2019,Clamp,"3"" Clamp On Bench Vise",1,24.99,24.99,FALSE,,
Kings Hardware,Other Expenses,Robot,9/7/2019,Rotary Tool,2 spd Rotary Tool,1,54.99,54.99,FALSE,,
Kings Hardware,Other Expenses,Taxes,9/7/2019,Product Taxes,Machine Shop Supplies,1,6.9,6.9,FALSE,,
ACE Hardware,Other Expenses,Machine Shop Supplies,9/25/2019,Clamp,"Plastic Wht 1/2"" CD 12",1,2.99,2.99,FALSE,,
ACE Hardware,Other Expenses,Robot,9/25/2019,Term SPD,16-14G4-6SD10PK,1,4.49,4.49,FALSE,,
ACE Hardware,Other Expenses,Robot,9/25/2019,Tape,Tape Cube GRND ,1,9.99,9.99,FALSE,,
ACE Hardware,Other Expenses,Taxes,9/25/2019,Product Taxes,Robot Parts,1,1.51,1.51,FALSE,,
Home Depot,Other Expenses,Test Fixtures,2/10/2020,Black Cable Tie,"4"" Blk UV Cable Tie 40 pk",1,2.98,2.98,FALSE,,
Home Depot,Other Expenses,Test Fixtures,2/10/2020,GE Silicone,GE W&D Clear 2.8oz,1,4.27,4.27,FALSE,,
Home Depot,Other Expenses,Test Fixtures,2/10/2020,Thermostat,The Round,1,29.68,29.68,FALSE,,
Home Depot,Other Expenses,Taxes,2/10/2020,Product Taxes,Test Fixture Components,1,3.19,3.19,FALSE,,
Home Depot,Other Expenses,Test Fixtures,11/3/2019,3/8 WKFCCIVER,2238493306,1,3.27,3.27,FALSE,,
Home Depot,Other Expenses,Test Fixtures,11/3/2019,"2"" WHTBRSBRSH",77089150032,1,1.28,1.28,FALSE,,
Home Depot,Other Expenses,Test Fixtures,11/3/2019,Tray Liner,77089911008,1,0.98,0.98,FALSE,,
Home Depot,Other Expenses,Test Fixtures,11/3/2019,CHLKDAGED,20066447472,1,6.98,6.98,FALSE,,
Home Depot,Other Expenses,Test Fixtures,11/3/2019,End Cap,42541014054,1,13.56,13.56,FALSE,,
Home Depot,Other Expenses,Test Fixtures,11/3/2019,Connector,42541014054,1,13.56,13.56,FALSE,,
Home Depot,Other Expenses,Test Fixtures,11/3/2019,300CV 15,8.83E+11,1,16.97,16.97,FALSE,,
Home Depot,Other Expenses,Test Fixtures,11/3/2019,200CV 15,8.83E+11,1,15.97,15.97,FALSE,,
Home Depot,Other Expenses,Test Fixtures,11/3/2019,9x12 DRPCLTH,73257012751,1,1.98,1.98,FALSE,,
Home Depot,Other Expenses,Test Fixtures,11/3/2019,SYL40WB132P,46135133695,2,2.97,5.94,FALSE,,
Home Depot,Other Expenses,Test Fixtures,11/3/2019,Socket,8.86E+11,1,1.58,1.58,FALSE,,
Home Depot,Other Expenses,Test Fixtures,11/3/2019,Casing-PI,7.73E+11,4,1.47,5.88,FALSE,,
Home Depot,Other Expenses,Test Fixtures,11/3/2019,1x12x4 No. 2,98945051881,2,9.58,19.16,FALSE,,
Home Depot,Other Expenses,Taxes,11/3/2019,Product  Taxes,Robot Parts,1,11.35,11.35,FALSE,,
Amazon Prime,Other Expenses,Test Fixtures,1/31/2020,3m USB Cable,Printer Cable Rt Angle,1,8.22,8.22,FALSE,,
Amazon Prime,Other Expenses,Taxes,1/31/2020,3m USB Cable,Printer Cable Rt Angle,1,0.71,0.71,FALSE,,
Amazon Prime,Other Expenses,Test Fixtures,2/18/2020,Power Supply,Black Module Soldering Kit,1,6.19,6.19,FALSE,,
Amazon Prime,Other Expenses,Test Fixtures,2/13/2020,Serial Interface Adapter,Blue Backlight,1,9.99,9.99,FALSE,,
Amazon Prime,Other Expenses,Taxes,2/13/2020,Serial Interface Adapter,Blue Backlight,1,0.86,0.86,FALSE,,
Amazon Prime,Other Expenses,Taxes,2/18/2020,Power Supply,Black Module Soldering Kit,1,0.53,0.53,FALSE,,
Amazon Prime,Other Expenses,Test Fixtures,2/8/2020,RoboDyn-Classic UNO R3,ATmega328 and Arduino IDE,1,8.99,8.99,FALSE,,
Amazon Prime,Other Expenses,Test Fixtures,1/29/2020,Striveday 30 AWG Wire,30 Gauge Coper Hook Up Wire,1,12.99,12.99,FALSE,,
Amazon Prime,Other Expenses,Test Fixtures,1/29/2020,GiBot Cable Glands,25 PK Plastic Waterproof ,1,9.49,9.49,FALSE,,
Amazon Prime,Other Expenses,Taxes,1/29/2020,Product taxes,Machine Shop Supplies,1,1.94,1.94,FALSE,,
Amazon Prime,Other Expenses,Test Fixtures,1/31/2020,StarTech.com 3m USB ,USB Printer Cable-Right Angle USB Cable,1,8.22,8.22,FALSE,,
Amazon Prime,Other Expenses,Taxes,1/31/2020,StarTech.com 3m USB ,USB Printer Cable-Right Angle USB Cable,1,0.71,0.71,FALSE,,
Amazon Prime,Other Expenses,Taxes,1/27/2020,"Micro Taps, M1 to M3.5",Machine Hand Screw Thread Tap Set,1,0.92,0.92,FALSE,,
Amazon Prime,Other Expenses,Machine Shop Supplies,1/22/2020,uxcell Tap Wrench Hanle,Metric Adjustable Bar Holder,1,8.29,8.29,FALSE,,
Amazon Prime,Other Expenses,Taxes,1/22/2020,uxcell Tap Wrench Hanle,Metric Adjustable Bar Holder,1,0.72,0.72,FALSE,,
Amazon Prime,Other Expenses,Machine Shop Supplies,1/27/2020,"Micro Taps, M1 to M3.5",Machine Hand Screw Thread Tap Set,1,10.69,10.69,FALSE,,
Dorna,Other Expenses,Robot,8/27/2019,Dorna Robot,5 Axis Robot Arm,1,1500,1500,FALSE,,
Dorna,Other Expenses,Robot,8/27/2019,Servo Gripper,Gripper attachment for Robot Arm,1,100,100,FALSE,,
Dorna,Other Expenses,Shipping,8/27/2019,Product Shipping,Robot Arm,1,43,43,FALSE,,
Ebay,Other Expenses,Robot,3/1/2020,Mechanical Arm Claw,Robot Mechanical Arm Claw Humanoid Left Hand with Servs for Robotics Assembled,1,127,127,FALSE,,
Ebay,Other Expenses,Taxes,3/1/2020,Product Taxes,Robot Mechanical Arm Claw Humanoid Left Hand with Servs for Robotics Assembled,1,10.95,10.95,FALSE,,
Software Garage,Other Expenses,Office Supplies,11/7/2019,Microsoft VISO,Scematic Design Software,1,39.9,39.9,FALSE,,
Home Depot,Other Expenses,Machine Shop Supplies,3/18/2020,Screw,#8 x 2 EXT Screw 1 lb,1,8.97,8.97,FALSE,,
McMaster-Carr,Other Expenses,Test Fixtures,3/22/2020,Pipe Fitting,Reducing Adaptor 3/8 NPT x 1/8 BSPP,2,14.99,29.98,FALSE,,
Staples,Other Expenses,Travel,1/31/2020,Travel,Travel Distance = 13.78,1,7.511046576,7.511046576,FALSE,,
Staples,Other Expenses,Travel,2/14/2020,Travel,Travel Distance = 13.78,1,7.511046576,7.511046576,FALSE,,
Globecomm,Other Expenses,Travel,12/6/2019,Travel,Travel Distance = 13.78,1,7.511046576,7.511046576,FALSE,,
Globecomm,Other Expenses,Travel,12/13/2019,Travel,Travel Distance = 13.78,1,7.511046576,7.511046576,FALSE,,
Globecomm,Other Expenses,Travel,1/3/2020,Travel,Travel Distance = 13.78,1,7.511046576,7.511046576,FALSE,,
Globecomm,Other Expenses,Travel,1/3/2020,Travel,Travel Distance = 13.78,1,7.511046576,7.511046576,FALSE,,
Globecomm,Other Expenses,Travel,8/2/2019,Travel,Travel Distance = 13.78,1,7.511046576,7.511046576,FALSE,,
Globecomm,Other Expenses,Travel,8/9/2019,Travel,Travel Distance = 13.78,1,7.511046576,7.511046576,FALSE,,
Globecomm,Other Expenses,Travel,8/16/2019,Travel,Travel Distance = 13.78,1,7.511046576,7.511046576,FALSE,,
N/A,Other Expenses,Travel,8/23/2019,Travel,Travel Distance = 13.78,1,7.511046576,7.511046576,FALSE,,
N/A,Other Expenses,Travel,8/30/2019,Travel,Travel Distance = 13.78,1,7.511046576,7.511046576,FALSE,,
Michael Ford,Other Expenses,Training,5/8/2020,HarvardX CS50W,Cs50's Web Programming with Python and JavaScript,1,149,149,TRUE,Monthly,
Ford Household,Other Expenses,Rent,5/1/2019,Office Space,Enter full Mortgage value,1,2500,2500,TRUE,Monthly,
Ford Household,Other Expenses,Rent,8/1/2019,Office Space,Enter full Mortgage value,1,2500,2500,TRUE,Monthly,
Ford Household,Other Expenses,Rent,7/1/2019,Office Space,Enter full Mortgage value,1,2500,2500,TRUE,Monthly,
Ford Household,Other Expenses,Rent,6/1/2019,Office Space,Enter full Mortgage value,1,2500,2500,TRUE,Monthly,
Ford Household,Other Expenses,Rent,9/1/2019,Office Space,Enter full Mortgage value,1,2500,2500,TRUE,Monthly,
Ford Household,Other Expenses,Rent,10/1/2019,Office Space,Enter full Mortgage value,1,2500,2500,TRUE,Monthly,
Ford Household,Other Expenses,Rent,11/1/2019,Office Space,Enter full Mortgage value,1,2500,2500,TRUE,Monthly,
Ford Household,Other Expenses,Rent,12/1/2019,Office Space,Enter full Mortgage value,1,2500,2500,TRUE,Monthly,
Paddle,Other Expenses,Software,6/23/2020,Bootstrap Studio,Web development software,1,29,29,FALSE,,
Amazon Prime,Other Expenses,Robot,11/15/2020,Touchscreen Monitor,7in for Raspberry PI,1,64.97,64.97,FALSE,,
Amazon Prime,Other Expenses,Robot,11/15/2020,Raspberry PI,8GB Extreeme Kit-128G Edition,1,149.97,149.97,FALSE,,
Amazon Prime,Other Expenses,Robot,11/15/2020,Tax,Robot Raspberry PI,1,18.54,18.54,FALSE,,
Home Depot,Other Expenses,Machine Shop Supplies,8/31/2020,Shop Items,Misc,1,78.24,78.24,FALSE,,
Berksire Hathaway Direct Insurance Company,Other Expenses,Insurance,1/26/2020,Insurance,Professionsl Liability,1,32.9,32.9,FALSE,,
Berksire Hathaway Direct Insurance Company,Other Expenses,Insurance,2/23/2020,Insurance,Professional Liability,1,32.9,32.9,TRUE,Monthly,
Berksire Hathaway Direct Insurance Company,Other Expenses,Insurance,3/23/2020,Insurance,Professional Liability,1,32.9,32.9,TRUE,Monthly,
Berksire Hathaway Direct Insurance Company,Other Expenses,Insurance,4/23/2020,Insurance,Professional Liability,1,32.9,32.9,TRUE,Monthly,
Berksire Hathaway Direct Insurance Company,Other Expenses,,5/23/2020,Insurance,Professional Liability,1,32.9,32.9,TRUE,Monthly,
Berksire Hathaway Direct Insurance Company,Other Expenses,Insurance,5/23/2020,Insurance,Professional Liability,1,32.9,32.9,TRUE,Monthly,
Berksire Hathaway Direct Insurance Company,Other Expenses,Insurance,6/23/2020,Insurance,Professional Liability,1,32.9,32.9,TRUE,Monthly,
Berksire Hathaway Direct Insurance Company,Other Expenses,Insurance,7/23/2020,Insurance,Professional Liability,1,32.9,32.9,TRUE,Monthly,
Berksire Hathaway Direct Insurance Company,Other Expenses,Insurance,8/23/2020,Insurance,Professional Liability,1,32.9,32.9,TRUE,Monthly,
Berksire Hathaway Direct Insurance Company,Other Expenses,Insurance,9/23/2020,Insurance,Professional Liability,1,32.9,32.9,TRUE,Monthly,
Berksire Hathaway Direct Insurance Company,Other Expenses,Insurance,10/23/2020,Insurance,Professional Liability,1,32.9,32.9,TRUE,Monthly,
Berksire Hathaway Direct Insurance Company,Other Expenses,Insurance,11/23/2020,Insurance,Professional Liability,1,32.9,32.9,TRUE,Monthly,
Habberstad BMW,Other Expenses,Vehicle Lease,1/16/2020,BMW,320ix,1,329,329,TRUE,Monthly,
Habberstad BMW,Other Expenses,Vehicle Lease,2/16/2020,BMW,320ix,1,329,329,TRUE,Monthly,
Habberstad BMW,Other Expenses,Vehicle Lease,3/16/2020,BMW,320ix,1,329,329,TRUE,Monthly,
Habberstad BMW,Other Expenses,Vehicle Lease,4/16/2020,BMW,320ix,1,329,329,TRUE,Monthly,
Habberstad BMW,Other Expenses,Vehicle Lease,5/16/2020,BMW,320ix,1,329,329,TRUE,Monthly,
Habberstad BMW,Other Expenses,Vehicle Lease,7/16/2020,BMW,320ix,1,329,329,TRUE,Monthly,
Habberstad BMW,Other Expenses,Vehicle Lease,8/16/2020,BMW,320ix,1,329,329,TRUE,Monthly,
Habberstad BMW,Other Expenses,Vehicle Lease,9/16/2020,BMW,320ix,1,329,329,TRUE,Monthly,
Habberstad BMW,Other Expenses,Vehicle Lease,10/16/2020,BMW,320ix,1,329,329,TRUE,Monthly,
Habberstad BMW,Other Expenses,Vehicle Lease,11/16/2020,BMW,320ix,1,329,329,TRUE,Monthly,
Habberstad BMW,Other Expenses,Vehicle Lease,12/16/2020,BMW,320ix,1,329,329,TRUE,Monthly,
AWS Web Service,Other Expenses,All General Expenses,1/3/2020,Database Services,SIMBA Database,1,93.53,93.53,TRUE,Monthly,
AWS Web Service,Other Expenses,All General Expenses,2/3/2020,Database Services,SIMBA Database,1,93.53,93.53,TRUE,Monthly,
AWS Web Service,Other Expenses,All General Expenses,3/3/2020,Database Services,SIMBA Database,1,93.53,93.53,TRUE,Monthly,
AWS Web Service,Other Expenses,All General Expenses,4/3/2020,Database Services,SIMBA Database,1,93.53,93.53,TRUE,Monthly,
AWS Web Service,Other Expenses,All General Expenses,5/3/2020,Database Services,SIMBA Database,1,93.53,93.53,TRUE,Monthly,
AWS Web Service,Other Expenses,All General Expenses,6/3/2020,Database Services,SIMBA Database,1,93.53,93.53,TRUE,Monthly,
AWS Web Service,Other Expenses,All General Expenses,7/3/2020,Database Services,SIMBA Database,1,93.53,93.53,TRUE,Monthly,
AWS Web Service,Other Expenses,All General Expenses,8/3/2020,Database Services,SIMBA Database,1,93.53,93.53,TRUE,Monthly,
AWS Web Service,Other Expenses,All General Expenses,9/3/2020,Database Services,SIMBA Database,1,93.53,93.53,TRUE,Monthly,
AWS Web Service,Other Expenses,All General Expenses,10/3/2020,Database Services,SIMBA Database,1,93.53,93.53,TRUE,Monthly,
AWS Web Service,Other Expenses,All General Expenses,11/3/2020,Database Services,SIMBA Database,1,93.53,93.53,TRUE,Monthly,
AWS Web Service,Other Expenses,All General Expenses,12/3/2020,Database Services,SIMBA Database,1,93.53,93.53,TRUE,Monthly,
"GoDaddy operating Company, LLC",Other Expenses,All General Expenses,11/23/2020,Domain Registration,automatedtestsolutions.com,1,405.16,405.16,FALSE,,
"GoDaddy operating Company, LLC",Other Expenses,All General Expenses,11/21/2020,Domain Registration,automatedtestsolution.com,1,30.34,30.34,FALSE,,
"GoDaddy operating Company, LLC",Other Expenses,All General Expenses,11/21/2020,Domain Registration,automatedtestsolultions.com,1,30.34,30.34,FALSE,,
